{"ratio": [], "shift": [["note_CROUS,VILLES", 0], ["note_CROUS,CROUS", 0], ["note_LOYER,VILLES", 0], ["note_LOYER,LOYER", 0], ["note_CUTURE,VILLES", 0], ["note_CUTURE,CUTURE", 0], ["note_METEO,VILLES", 0], ["note_METEO,METEO", 0], ["note_TRANSPORT,VILLES", 0], ["note_TRANSPORT,TRANSPORT", 0], ["note_SPORT,VILLES", 0], ["note_SPORT,SPORT", 0], ["appartenir,DEPARTEMENT", 0], ["appartenir,VILLES", 0], ["note_SECURITE,DEPARTEMENT", 0], ["note_SECURITE,SECURITE", 0]], "colors": [["annotation_color", "#b35806"], ["annotation_text_color", "#f7f7f7"], ["association_attribute_text_color", "#000000"], ["association_cartouche_color", "#fdb863"], ["association_cartouche_text_color", "#000000"], ["association_color", "#fee0b6"], ["association_stroke_color", "#e08214"], ["background_color", "#f7f7f7"], ["card_text_color", "#542788"], ["entity_attribute_text_color", "#000000"], ["entity_cartouche_color", "#b2abd2"], ["entity_cartouche_text_color", "#000000"], ["entity_color", "#d8daeb"], ["entity_stroke_color", "#8073ac"], ["leg_stroke_color", "#e08214"], ["transparent_color", "none"]], "cy": [["CROUS", 68], ["note_CROUS", 68], ["note_LOYER", 68], ["LOYER", 68], ["CUTURE", 211], ["note_CUTURE", 211], ["VILLES", 211], ["note_METEO", 211], ["METEO", 211], ["TRANSPORT", 337], ["note_TRANSPORT", 337], ["note_SPORT", 337], ["appartenir", 337], ["SECURITE", 337], ["SPORT", 429], ["DEPARTEMENT", 429], ["note_SECURITE", 429]], "cx": [["CROUS", 99], ["note_CROUS", 283], ["note_LOYER", 432], ["LOYER", 584], ["CUTURE", 99], ["note_CUTURE", 283], ["VILLES", 432], ["note_METEO", 584], ["METEO", 723], ["TRANSPORT", 99], ["note_TRANSPORT", 283], ["note_SPORT", 432], ["appartenir", 584], ["SECURITE", 723], ["SPORT", 432], ["DEPARTEMENT", 584], ["note_SECURITE", 723]], "size": [793, 480]}